# AArch64's PC-relative forms, the operand the target's address as BBC BASIC
# gives it: LLVM MC's bytes (gen_pcrel.py, Xcode's clang); @ where assembled
b 0x10200	40000014	@10100
b 0x10040	d0ffff17	@10100
b 0x10100	00000014	@10100
bl 0x13000	c00b0094	@10100
bl 0x10100	40f8ff97	@12000
b.eq 0x10200	00080054	@10100
b.ne 0x10100	01f8ff54	@10200
b.lt 0x10104	2b000054	@10100
cbz x3, 0x10180	030400b4	@10100
cbz w3, 0x10100	03fcff34	@10180
cbnz x9, 0x11100	098000b5	@10100
tbz w5, #3, 0x10120	05011836	@10100
tbnz x7, #40, 0x10100	07f847b7	@10200
tbnz w0, #31, 0x12100	0000f937	@10100
adr x1, 0x10131	81010030	@10100
adr x2, 0x10055	a2faff30	@10100
adr x30, 0x10100	1e000010	@10100
ldr x2, 0x10200	02080058	@10100
ldr w2, 0x10100	02f8ff18	@10200
ldrsw x4, 0x11000	04780098	@10100
ldr s1, 0x10140	0102001c	@10100
ldr d2, 0x10148	4202005c	@10100
ldr q7, 0x10150	8702009c	@10100
prfm pldl1keep, 0x10200	000800d8	@10100
adrp x0, 0x4000	000000d0	@2000
adrp x0, 0x7008	200000b0	@2004
adrp x0, 0x2fff	00000090	@2008
adrp x0, 0x2010	e0fffff0	@3000
adrp x0, 0x2000	00000090	@2010
