path,kind,source,licence,evidence
modules/basicname/basicname.c,own,,MIT,"A 22-line module that carries only 5.30's module name and version string, so RMEnsure passes. No ROOL code."
modules/basicname/basicname.h,own,,MIT,"A 22-line module that carries only 5.30's module name and version string, so RMEnsure passes. No ROOL code."
modules/bootcmds/bootcmds.c,ROOL,"Sources/Programmer/BootCmds: c.main, c.repeatcmd, cmhg.header",Apache-2.0; Copyright 1996 Acorn Computers Ltd,"Header says it is the C module rewritten, 'taken from its source'. README.md names the sources. Commands, errors and texts follow c.main."
modules/bootcmds/bootcmds.h,ROOL,"Sources/Programmer/BootCmds: c.main, c.repeatcmd, cmhg.header",Apache-2.0; Copyright 1996 Acorn Computers Ltd,"Header says it is the C module rewritten, 'taken from its source'. README.md names the sources. Commands, errors and texts follow c.main."
modules/boxtools/boxtools.c,own,,MIT,New for BOX: runs compilers on a pty. No counterpart in RISC OS.
modules/boxtools/boxtools.h,own,,MIT,New for BOX: runs compilers on a pty. No counterpart in RISC OS.
modules/buffers/buffers.c,ROOL,"Sources/HWSupport/Buffers: s.Buffers, s.Buffer, s.MoveBlock, s.Errors, hdr.Buffer",Apache-2.0; Copyright 1996 Acorn Computers Ltd,"Header says new code written from the documentation, not a translation. The header gives the sources as Doc/BufferMan, the routines' entry comments and hdr/Buffer, and the code follows RISC OS 5's code where the documents differ. Counted as ROOL by the closeness rule. Judgement call."
modules/buffers/buffers.h,ROOL,"Sources/HWSupport/Buffers: s.Buffers, s.Buffer, s.MoveBlock, s.Errors, hdr.Buffer",Apache-2.0; Copyright 1996 Acorn Computers Ltd,"Header says new code written from the documentation, not a translation. The header gives the sources as Doc/BufferMan, the routines' entry comments and hdr/Buffer, and the code follows RISC OS 5's code where the documents differ. Counted as ROOL by the closeness rule. Judgement call."
modules/compressjpeg/compressjpeg.c,unclear,Video/Render/JCompMod c/jcompmod (not in the source tree here); IJG libjpeg,,"Header says the four SWIs are 'as its c/jcompmod makes them' and the errors are 'as c/jcompmod's setjmp handlers make it'. That source is not under riscos-src, so the copyright lines cannot be read. It also carries libjpeg's jmemnoal memory manager in its own words (jpeg_get_small and the rest, the same entry points as the IJG's jmemnoal.c). No header given. See the report."
modules/compressjpeg/compressjpeg.h,unclear,as compressjpeg.c,,As compressjpeg.c.
modules/compresspng/compresspng.c,ROOL,"Sources/Video/Render/CompressPNG: c.compresspng, c.memory, c.module, h.CompressPNG, h.CompressPNG_int",Apache-2.0; Copyright 2019 RISC OS Open Ltd; Copyright 2020 RISC OS Open Ltd,"Header says the SWIs are the original's 'call for call' and the memory is c/memory's. It wraps libpng, which it does not contain. The shape of the code (cpngmem, png_opt, report_error) follows the C source."
modules/compresspng/compresspng.h,ROOL,"Sources/Video/Render/CompressPNG: c.compresspng, c.memory, c.module, h.CompressPNG, h.CompressPNG_int",Apache-2.0; Copyright 2019 RISC OS Open Ltd; Copyright 2020 RISC OS Open Ltd,"Header says the SWIs are the original's 'call for call' and the memory is c/memory's. It wraps libpng, which it does not contain. The shape of the code (cpngmem, png_opt, report_error) follows the C source."
modules/deskclock/deskclock.c,own,,MIT,"New for BOX. Its comments say it follows !Alarm's sprite pipeline (the 4 bpp old-format sprite and the Wimp flags). That is a technique, not code taken from !Alarm."
modules/deskclock/deskclock.h,own,,MIT,"New for BOX. Its comments say it follows !Alarm's sprite pipeline (the 4 bpp old-format sprite and the Wimp flags). That is a technique, not code taken from !Alarm."
modules/deskmeter/deskmeter.c,own,,MIT,New for BOX; follows DeskClock's code.
modules/deskmeter/deskmeter.h,own,,MIT,New for BOX; follows DeskClock's code.
modules/fpemulator/fpemulator.c,own,,MIT,"A stub: 5.30's module name, version and SWI numbers (facts of the interface); no code from the FPEmulator sources."
modules/fpemulator/fpemulator.h,own,,MIT,"A stub: 5.30's module name, version and SWI numbers (facts of the interface); no code from the FPEmulator sources."
modules/international/international.c,ROOL,"Sources/Internat/Inter: s.InterBody, s.InterFonts, s.UCSTables, hdr.Internatio",Apache-2.0; Copyright 1996 Acorn Computers Ltd; Copyright 1998 Acorn Computers Ltd; Copyright 2012 Castle Technology Ltd,"Header says the module is written to follow s/InterBody register by register; the data comes from s/InterBody, s/InterFonts and s/UCSTables. The code (DoDefine, DoDefineUTF8, name matching) follows the ARM."
modules/international/international.h,ROOL,"Sources/Internat/Inter: s.InterBody, s.InterFonts, s.UCSTables, hdr.Internatio",Apache-2.0; Copyright 1996 Acorn Computers Ltd; Copyright 1998 Acorn Computers Ltd; Copyright 2012 Castle Technology Ltd,"Header says the module is written to follow s/InterBody register by register; the data comes from s/InterBody, s/InterFonts and s/UCSTables. The code (DoDefine, DoDefineUTF8, name matching) follows the ARM."
modules/intkey/intkey.c,ROOL,"Sources/Internat/IntKey: Source.IntKeyBody, Source.KeyStruct, c.keygen",Apache-2.0; Copyright 1996 Acorn Computers Ltd; Copyright 1998 Acorn Computers Ltd,"Header says 'written from' Source/IntKeyBody. Labels in the code (PendingAltType, ReturnUCS, SpecialCodeTable, HexPadTable) are the original's. The IntKey sources carry no copyright line in IntKeyBody; the Makefile (1996) and the keygen sources (1998) do."
modules/intkey/intkey.h,ROOL,"Sources/Internat/IntKey: Source.IntKeyBody, Source.KeyStruct, c.keygen",Apache-2.0; Copyright 1996 Acorn Computers Ltd; Copyright 1998 Acorn Computers Ltd,"Header says 'written from' Source/IntKeyBody. Labels in the code (PendingAltType, ReturnUCS, SpecialCodeTable, HexPadTable) are the original's. The IntKey sources carry no copyright line in IntKeyBody; the Makefile (1996) and the keygen sources (1998) do."
modules/intkey/keylayout.h,ROOL,"Sources/Internat/IntKey: Source.IntKeyBody, Source.KeyStruct, c.keygen",Apache-2.0; Copyright 1996 Acorn Computers Ltd; Copyright 1998 Acorn Computers Ltd,"Header says 'written from' Source/IntKeyBody. Labels in the code (PendingAltType, ReturnUCS, SpecialCodeTable, HexPadTable) are the original's. The IntKey sources carry no copyright line in IntKeyBody; the Makefile (1996) and the keygen sources (1998) do."
modules/mimemap/mimemap.c,ROOL,"Sources/Networking/MimeMap: c.mime, h.mime, hdr.MimeMap, cmhg.MimeMapHdr","BSD-3-Clause; Copyright (c) 2014, RISC OS Open Ltd","Header says it is RISC OS Open's MimeMap 'rewritten for ROSGD'; 'what a caller sees is c/mime's' down to fgets() and strtok() behaviour. ROOL's own licence for this component is the New BSD licence, not Apache."
modules/mimemap/mimemap.h,ROOL,"Sources/Networking/MimeMap: c.mime, h.mime, hdr.MimeMap, cmhg.MimeMapHdr","BSD-3-Clause; Copyright (c) 2014, RISC OS Open Ltd","Header says it is RISC OS Open's MimeMap 'rewritten for ROSGD'; 'what a caller sees is c/mime's' down to fgets() and strtok() behaviour. ROOL's own licence for this component is the New BSD licence, not Apache."
modules/modulewrap/modulewrap.c,unclear,Lib/RISC_OSLib s/modulewrap; Desktop/FilerAct s/AppName,,Header describes the shape of ModuleWrap's modules. The C here is a thin new command shell around x32 images; no ARM routine is followed line by line. No header given. See the report.
modules/modulewrap/modulewrap.h,unclear,as modulewrap.c,,As modulewrap.c.
modules/portable/portable.c,ROOL,Sources/HWSupport/PortableHAL: s.StPortable,Apache-2.0; Copyright 2010 Castle Technology Ltd,Header says it is reimplemented 'as s/StPortable does it'; error order and the (old AND R1) EOR R0 rule are the ARM's.
modules/portable/portable.h,ROOL,Sources/HWSupport/PortableHAL: s.StPortable,Apache-2.0; Copyright 2010 Castle Technology Ltd,Header says it is reimplemented 'as s/StPortable does it'; error order and the (old AND R1) EOR R0 rule are the ARM's.
modules/resourcefs/resourcefs.c,ROOL,"Sources/FileSys/ResourceFS/ResourceFS: s.ResourceFS, s.MsgCode, hdr.ResourceFS",Apache-2.0; Copyright 1996 Acorn Computers Ltd,"Reimplements ResourceFS and Messages. Error numbers, block format and the directory rules cite s/ResourceFS."
modules/resourcefs/resourcefs.h,ROOL,"Sources/FileSys/ResourceFS/ResourceFS: s.ResourceFS, s.MsgCode, hdr.ResourceFS",Apache-2.0; Copyright 1996 Acorn Computers Ltd,"Reimplements ResourceFS and Messages. Error numbers, block format and the directory rules cite s/ResourceFS."
modules/screenblanker/screenblanker.c,ROOL,"Sources/Video/Render/ScrBlank: s.ScrBlank, hdr.ScrBlank",Apache-2.0; Copyright 1996 Acorn Computers Ltd,"Header says new code from the module's documentation, not a translation. The sources are s/ScrBlank and hdr/ScrBlank (the licence header) and Doc/ScrBlank (the API definition's comment), and it is checked against 5.30. Counted as ROOL by the closeness rule. Judgement call."
modules/screenblanker/screenblanker.h,ROOL,"Sources/Video/Render/ScrBlank: s.ScrBlank, hdr.ScrBlank",Apache-2.0; Copyright 1996 Acorn Computers Ltd,"Header says new code from the module's documentation, not a translation. The sources are s/ScrBlank and hdr/ScrBlank (the licence header) and Doc/ScrBlank (the API definition's comment), and it is checked against 5.30. Counted as ROOL by the closeness rule. Judgement call."
modules/scrmodes/scrmodes.c,own,,MIT,New small module; takes the SWI numbers and register roles of Video/UserI/ScrModes (interface facts) but implements one SWI over the DRM connector. No code of the original. Judgement call.
modules/scrmodes/scrmodes.h,own,,MIT,New small module; takes the SWI numbers and register roles of Video/UserI/ScrModes (interface facts) but implements one SWI over the DRM connector. No code of the original. Judgement call.
modules/sharedclib/sharedclib.c,ROOL,"Sources/Lib/RISC_OSLib: clib/s/cl_rmhdr, s/initmodule, s/h_brazil",Apache-2.0; Copyright 1996 Acorn Computers Ltd,"Header says it is 'RISC_OSLib's (clib/s/cl_rmhdr, s/initmodule), RISC OS 5.30's to the letter'; registration is '_Shared_Lib_Module_SWI_Code's, step for step and error for error'."
modules/sharedclib/sharedclib.h,ROOL,"Sources/Lib/RISC_OSLib: clib/s/cl_rmhdr, s/initmodule, s/h_brazil",Apache-2.0; Copyright 1996 Acorn Computers Ltd,"Header says it is 'RISC_OSLib's (clib/s/cl_rmhdr, s/initmodule), RISC OS 5.30's to the letter'; registration is '_Shared_Lib_Module_SWI_Code's, step for step and error for error'."
modules/sharedsnd/sharedsnd.c,other open source (ROOL's copy of Expressive Software Projects' module),"Sources/Audio/SharedSnd: s.Module, s.SWIS, s.Handler, s.FillCode, s.Vars, s.SampleRate, s.Volume","BSD-3-Clause; Copyright (c) 1995, Expressive Software Projects",Header says 'hand-converted from Sources/Audio/SharedSnd' and 'the ObjAsm's integer for integer'. The ObjAsm is under the New BSD licence of Expressive Software Projects.
modules/sharedsnd/sharedsnd.h,other open source (ROOL's copy of Expressive Software Projects' module),"Sources/Audio/SharedSnd: s.Module, s.SWIS, s.Handler, s.FillCode, s.Vars, s.SampleRate, s.Volume","BSD-3-Clause; Copyright (c) 1995, Expressive Software Projects",Header says 'hand-converted from Sources/Audio/SharedSnd' and 'the ObjAsm's integer for integer'. The ObjAsm is under the New BSD licence of Expressive Software Projects.
modules/shellcli/shellcli.c,ROOL,"Sources/Desktop/ShellCLI: c.module, s.veneer, s.Shell, cmhg.ShellCLIHdr",Apache-2.0; Copyright 1996 Acorn Computers Ltd; Copyright 2020 Julie Stamp,"Header names Desktop/ShellCLI 0.39 (c/module, s/veneer) as the source it was taken from. The function names (command_loop, exit_veneer, error_handlerC) are the original's."
modules/shellcli/shellcli.h,ROOL,"Sources/Desktop/ShellCLI: c.module, s.veneer, s.Shell, cmhg.ShellCLIHdr",Apache-2.0; Copyright 1996 Acorn Computers Ltd; Copyright 2020 Julie Stamp,"Header names Desktop/ShellCLI 0.39 (c/module, s/veneer) as the source it was taken from. The function names (command_loop, exit_veneer, error_handlerC) are the original's."
modules/soundsched/soundsched.c,ROOL,Sources/HWSupport/Sound/Sound2: s.Sound2,Apache-2.0; Copyright 1996 Acorn Computers Ltd,"Header says hand-converted from Sound2 (1,303 lines of ObjAsm)."
modules/soundsched/soundsched.h,ROOL,Sources/HWSupport/Sound/Sound2: s.Sound2,Apache-2.0; Copyright 1996 Acorn Computers Ltd,"Header says hand-converted from Sound2 (1,303 lines of ObjAsm)."
modules/speakers/speakers.c,own,,MIT,New for BOX. No counterpart in RISC OS.
modules/speakers/speakers.h,own,,MIT,New for BOX. No counterpart in RISC OS.
modules/spriteutils/spriteutils.c,ROOL,"Sources/Video/Render/SpriteUtil: s.SpriteUtil, s.MsgCode",Apache-2.0; Copyright 1996 Acorn Computers Ltd,"Header says new code from the module's documentation, not a translation. The sources are s/SpriteUtil and s/MsgCode (the licence header). Counted as ROOL by the closeness rule. Judgement call."
modules/spriteutils/spriteutils.h,ROOL,"Sources/Video/Render/SpriteUtil: s.SpriteUtil, s.MsgCode",Apache-2.0; Copyright 1996 Acorn Computers Ltd,"Header says new code from the module's documentation, not a translation. The sources are s/SpriteUtil and s/MsgCode (the licence header). Counted as ROOL by the closeness rule. Judgement call."
modules/squash/fast.c,ROOL,"Sources/Programmer/Squash: s.comp_ass, s.zcat_ass, s.zcat_ass12, h.defs",Apache-2.0; Copyright 1996 Acorn Computers Ltd,"fast.c is s/comp_ass and s/zcat_ass in C, quirk for quirk. sq.h names the 12-bit constants of h/defs (Jon Thackray, New BSD); these are numbers of the compress format, not text."
modules/squash/sq.h,ROOL,"Sources/Programmer/Squash: s.comp_ass, s.zcat_ass, s.zcat_ass12, h.defs",Apache-2.0; Copyright 1996 Acorn Computers Ltd,"fast.c is s/comp_ass and s/zcat_ass in C, quirk for quirk. sq.h names the 12-bit constants of h/defs (Jon Thackray, New BSD); these are numbers of the compress format, not text."
modules/squash/squash.c,ROOL,"Sources/Programmer/Squash: c.compress, hdr.Squash",Apache-2.0; Copyright 1996 Acorn Computers Ltd,"Header says 'c/compress's veneer, register for register'. The restartable algorithms (c/cssr, c/zssr, Copyright (c) 1990 Jon Thackray, New BSD) are copied into the build by the Makefile and are not in this file."
modules/squash/squash.h,ROOL,"Sources/Programmer/Squash: c.compress, hdr.Squash",Apache-2.0; Copyright 1996 Acorn Computers Ltd,"Header says 'c/compress's veneer, register for register'. The restartable algorithms (c/cssr, c/zssr, Copyright (c) 1990 Jon Thackray, New BSD) are copied into the build by the Makefile and are not in this file."
modules/t0demo/t0demo.c,own,,MIT,Already has 'Copyright (c) 2026 Alban Read. MIT licence' in its header. Left as it was.
modules/t0demo/t0demo.s,own,,MIT,"Assembler, not C. Already has 'Copyright (c) 2026 Alban Read. MIT licence'. Not changed."
modules/taskwindow/taskwindow.c,ROOL,"Sources/Desktop/TaskWindow: s.Taskman, s.TaskWindow, s.Messages",Apache-2.0; Copyright 1996 Acorn Computers Ltd,"Header says s.Taskman (0.85) is 'the source it was taken from'. Labels in the code (FindOwner, GrotPollWimp, Code_NewCommand) follow the ARM."
modules/taskwindow/taskwindow.h,ROOL,"Sources/Desktop/TaskWindow: s.Taskman, s.TaskWindow, s.Messages",Apache-2.0; Copyright 1996 Acorn Computers Ltd,"Header says s.Taskman (0.85) is 'the source it was taken from'. Labels in the code (FindOwner, GrotPollWimp, Code_NewCommand) follow the ARM."
