path,kind,source,licence,evidence
runtime/pretty.c,ROOL,Kernel s/MoreSWIs,Apache-2.0,"header: ""Written from the kernel's (Kernel/s/MoreSWIs, XOS_PrettyPrint_code)"""
runtime/readargs.c,ROOL,Kernel s/MoreSWIs,Apache-2.0,"header: ""Written from the kernel's RdArgs (Kernel/s/MoreSWIs)""; keeps its quirks"
runtime/rma.c,own,-,MIT,"header describes the RMA as a heap built on heap.c; cites the kernel's DoRMAHeapOpWithExtension only for the behaviour it matches; borderline, treated as own"
runtime/rom.c,own,-,MIT,ROM placement and an ELF32 module loader for roscc images; no kernel source cited beyond the Wimp02 and NewReset behaviours
runtime/sleep.c,own,-,MIT,new for BOX (UpCall_Sleep with a poll word); no ROOL source cited
runtime/streams.c,ROOL,"Kernel s/PMF/oswrch, s/PMF/key, s/PMF/osbyte, s/Oscli, s/Middle",Apache-2.0,"header: ""Written from the kernel's (Kernel/s/PMF/oswrch, PMF/key, PMF/osbyte, Oscli, Middle)"""
runtime/swi.c,own,-,MIT,"the SWI dispatcher of BOX's runtime; cites the kernel (Kernel/s/Kernel VSetReturn, CallASWI) twice for behaviour only; borderline, treated as own"
runtime/swinames.c,ROOL,Kernel s/SWINaming,Apache-2.0,"header: ""as the kernel names SWIs (Kernel/s/SWINaming)""; routine names LookForSwiName, CheckForNumericPostFix, AddChar, AddString"
runtime/switrace.c,own,-,MIT,new for BOX (SWI ring and counts); no ROOL source cited
runtime/sysinfo.c,ROOL,"Kernel s/Middle, s/Kernel, s/CPUFeatures, hdr/OSRSI6, hdr/OSMisc",Apache-2.0,"header: ""as the kernel has it (Kernel/s/Middle, ReadSysInfo_Code)"", PlatFeatSWI (s/Kernel, s/CPUFeatures), OSRSI6 items, CPUFeature_Max"
runtime/sysvars.c,ROOL,"Kernel s/Arthur2, hdr/KernelWS",Apache-2.0,"header: ""Written from the kernel's own (Kernel/s/Arthur2)""; WildMatch, VarFindIt, GS_ bits, KernelWS offsets"
runtime/task.c,own,-,MIT,"new for BOX (tasks as threads, the baton); cites only the Options/s/Ursula DefaultNextSlot value"
runtime/ticker.c,own,-,MIT,new for BOX (the centisecond pump and ticker chain); cites only the kernel's timer behaviour in prose
runtime/vdu/font.c,ROOL,Kernel s/vdu/vdufontl1,Apache-2.0,"header: generated by tools/mkvdufont.py from Kernel/s/vdu/vdufontl1 (Acorn 1996, Apache 2.0)"
runtime/vdu/modes.c,ROOL,"Kernel s/vdu/vdumodes, vdudriver, vdugrafl, vduswis; Video/UserI/ScrModes",Apache-2.0,"header: ""Written from the kernel's (Kernel/s/vdu/vdumodes, vdudriver ModeChangeSub ..., vduswis)""; Vwstab table; ScreenModes behaviour (Video/UserI/ScrModes)"
runtime/vdu/palette.c,ROOL,"Kernel s/vdu/vdupalxx, vdupalette, s/NewIRQs, s/ExtraSWIs",Apache-2.0,"header: ""Written from the kernel's PaletteV owner and its callers (Kernel/s/vdu/vdupalxx, vdupalette; NewIRQs)""; OS_UpdateMEMC from s/ExtraSWIs"
runtime/vdu/plot.c,ROOL,"Kernel s/vdu/vduplot, vdugrafa, vdugrafd, vdugrafe, vdugraff, vdudriver",Apache-2.0,"header: ""Written from the kernel's (...), transliterated where the pixels depend on the order of the arithmetic"""
runtime/vdu/plot.h,ROOL,"Kernel s/vdu/vduplot, vdugrafa (via plot.c)",Apache-2.0,"header: the primitives and Bresenham line state (GenLineParm) that plot.c, shapes.c and vdu5.c share"
runtime/vdu/pointer.c,ROOL,"Kernel s/vdu/vdupointer, s/PMF/mouse",Apache-2.0,"header: ""Written from the kernel's (Kernel/s/vdu/vdupointer, Kernel/s/PMF/mouse)"""
runtime/vdu/shapes.c,ROOL,"Kernel s/vdu/vdugrafb, vdugrafc, vduplot",Apache-2.0,"header: ""Transliterated from the kernel's (Kernel/s/vdu/vdugrafb, vdugrafc, vduplot ...), not re-derived"""
runtime/vdu/sprite.c,ROOL,"Kernel s/vdu/vdugrafg, vdugrafh, vdugrafi, vdugrafj",Apache-2.0,"header: ""Written from the kernel's (Kernel/s/vdu/vdugrafg, vdugrafh, vdugrafi, vdugrafj)""; byte for byte as the kernel leaves an area, quirks and all"
runtime/vdu/sprite.h,ROOL,"Kernel s/vdu/vdugraf*; HdrSrc hdr/Sprite, hdr/NewErrors",Apache-2.0,"header: the sprite formats, errors and header builder shared by sprite.c, sprplot.c and sprout.c; hdr/Sprite, hdr/NewErrors"
runtime/vdu/sprout.c,ROOL,Kernel s/vdu/vdugrafl,Apache-2.0,"header: ""Written from the kernel's (Kernel/s/vdu/vdugrafl SwitchOutputToSprite, PackVars, UnpackVars, ValidateVars)"""
runtime/vdu/sprplot.c,ROOL,"Kernel s/vdu/vdugrafg, vdugrafj, vdugrafk",Apache-2.0,"header: ""Written from the kernel's (Kernel/s/vdu/vdugrafg PutSprite, PlotMask, GenSpritePlotParmBlk; vdugrafj GetSprite; vdugrafk ScreenSave, ScreenLoad)"""
runtime/vdu/text.c,ROOL,"Kernel s/vdu/vduwrch, vducursoft, vdugrafl",Apache-2.0,"header: ""Written from the kernel's (Kernel/s/vdu/vduwrch, vducursoft, vdugrafl)"""
runtime/vdu/ttx.c,ROOL,Kernel s/vdu/vduttx,Apache-2.0,"header: ""Written from the kernel's (Kernel/s/vdu/vduttx ...), routine for routine, with its names in the comments"""
runtime/vdu/ttxfont.c,ROOL,Kernel s/vdu/vduttx,Apache-2.0,"header: generated by tools/mkttxfont.py from Kernel/s/vdu/vduttx TTXHardFont (Acorn 1996, Apache 2.0)"
runtime/vdu/vdisplay.c,own,-,MIT,new for BOX (virtual displays and VDU contexts); no ROOL source cited
runtime/vdu/vdu.c,ROOL,"Kernel s/vdu/vdudriver, vduwrch, vdu23, vducursoft, s/PMF/osbyte",Apache-2.0,"header: ""Written from the kernel's (Kernel/s/vdu/vdudriver Vdu, VduJTb, VduQTb; vduwrch; vdu23; PMF/osbyte)""; cursor editing from vducursoft"
runtime/vdu/vdu5.c,ROOL,Kernel s/vdu/vdu5,Apache-2.0,"header: ""Written from the kernel's (Kernel/s/vdu/vdu5)""; the scaled sizes call SpriteExtend through SpriteV rather than copying it"
runtime/vdu/vduws.h,ROOL,"Kernel hdr/KernelWS, hdr/VduExt, s/vdu/vduwrch",Apache-2.0,"header: ""The kernel's VduDriverWorkSpace (Kernel/hdr/KernelWS), cut to what the VDU drivers here keep, with the kernel's names in the comments"""
runtime/vector.c,own,-,MIT,"new for BOX (vector chains, events, callbacks, ARM shadow rules)"
runtime/wimprec.c,own,-,MIT,new for BOX (a recorder at the SWI boundary); no ROOL source cited
